Original Input: Chrom	chr1	chr2	chr2	chr5	chr11	chr12	chr12	chr13	chr13	chr17	chr17	chr17	chr21	chrX	chrX	chrX	chrX
Original Input: Pos	115258747	198265170	209113112	170837551	119149355	112926888	112926900	48881259	48916771	1577985	29587402	74733162	36206900	123195593	123195593	123202356	133547499
Original Input: Reference allele	C	AT	C	GTGGAGG	TATGATGATGATGATGATGA	G	C	G	A	A	A	G	T	CTTTTTTTTTTTTTTTTTTTTTTTTTA	CTTTTTTTTTTTTTTTTTTTTTTTTTA	A	GT
Original Input: Alternate allele	T	A	T	GCTTATGGCCC	TATGATGATGATGATGA	C	A	GT	G	C	AT	A	G	CTTTTTTTTTTTTTTTTTTATTTA	CTTTTTTTTTTTTTTTTTTTTATTTTA	C	G
Variant Annotation: Gene	NRAS	SF3B1	IDH1	NPM1	CBL	PTPN11	PTPN11	RB1	RB1	PRPF8	NF1	SRSF2	RUNX1	STAG2	STAG2	STAG2	PHF6
Variant Annotation: cDNA change	c.35G>A	c.2719-13del	c.395G>A	c.868_873delinsCTTATGGCCC	c.1380_1382del	c.1508G>C	c.1520C>A	c.138-157_138-156insT	c.301A>G	c.3061-11T>G	c.4446_4447insT	c.81C>T	c.614-2A>C	c.1535-9_1535-6delinsA	c.1535-7T>A	c.2266-58A>C	c.419-17del
Variant Annotation: Protein Change	p.Gly12Asp		p.Arg132His	p.Trp290LeufsTer10	p.Asp460del	p.Gly503Ala	p.Thr507Lys		p.Ile101Val		p.Ala1483CysfsTer3	p.Pro27=					
VCF: AF	0.106232	0.999792	0.463084	0.342007	0.0240469	0.00728332	0.238835	0.00677048	0.499512	0.501581	0.00540541	0.494737	0.161079	0.0203046	0.0152284	0.995076	0.00927357
VCF: FAO	225	4809	922	1196	123	30	984	20	3580	1586	24	752	442	8	6	2425	24
VCF: FDP	2118	4810	1991	3497	5115	4119	4120	2954	7167	3162	4440	1520	2744	394	394	2437	2588
VCF: HRUN	2	3	1	0	1	3	1	0	2	3	0	3	1	25	25	3	5
VCF: Filter	PASS	PASS	PASS	PASS	PASS	PASS	PASS	NOCALL	PASS	PASS	NOCALL	PASS	NOCALL	NOCALL	NOCALL	PASS	NOCALL
VCF: Genotype	0/1	1-Jan	0/1	0/1	0/0	0/0	0/1	./.	0/1	0/1	./.	0/1	./.	./.	./.	1-Jan	./.
COSMIC: ID	COSV54736383		COSV61615239	COSV51555426	COSV50629628	COSV61004973	COSV61005528										
COSMIC: Variant Count	964		5192	1	11	26	9										
COSMIC: Variant Count (Tissue)	[["haematopoietic and lymphoid tissue", 706], ["large intestine", 110], ["skin", 80], ["NS", 12], ["biliary tract", 8], ["endometrium", 7], ["central nervous system", 6], ["testis", 4], ["genital tract", 4], ["soft tissue", 4], ["ovary", 4], ["thyroid", 4], ["lung", 4], ["pancreas", 3], ["upper aerodigestive tract", 3], ["small intestine", 1], ["kidney", 1], ["penis", 1], ["prostate", 1], ["salivary gland", 1]]		[["central nervous system", 4709], ["haematopoietic and lymphoid tissue", 411], ["bone", 44], ["prostate", 9], ["oesophagus", 3], ["lung", 3], ["breast", 2], ["pancreas", 2], ["skin", 1], ["stomach", 1], ["upper aerodigestive tract", 1], ["large intestine", 1], ["salivary gland", 1], ["biliary tract", 1], ["urinary tract", 1], ["kidney", 1], ["small intestine", 1]]	[["haematopoietic and lymphoid tissue", 1]]	[["NS", 4], ["bone", 2], ["upper aerodigestive tract", 1], ["skin", 1], ["stomach", 1], ["lung", 1], ["haematopoietic and lymphoid tissue", 1]]	[["haematopoietic and lymphoid tissue", 26]]	[["haematopoietic and lymphoid tissue", 4], ["autonomic ganglia", 2], ["central nervous system", 2], ["salivary gland", 1]]										
ClinVar: ClinVar ID	39648		156444		570415	162464	265307		527922	321895							
ClinVar: Clinical Significance	Pathogenic/Likely pathogenic		Pathogenic/Likely pathogenic		Uncertain significance	Pathogenic	Pathogenic/Likely pathogenic		Uncertain significance	Benign							
gnomAD3: Global AF	1.40E-05	6.98E-06	1.40E-05							0.0105789		0.000265111				0.0154843	
PhyloP: Vert Score	7.905		6.171			9.602	7.568		2.661		9.324		6.048				
CADD: Phred	24.7		24.4			27.9	26.6	5.123	16.68	14.46	22.9	13.88	34	8.354	7.801	0.167	
PolyPhen-2: HDIV Prediction	B		B			D	D		B		D						
SIFT: Prediction	Damaging		Damaging			Tolerated	Damaging		Tolerated			Tolerated					
VCF: FSAF	78	1756	460	854	44	12	494	14	1728	624	9	372	125	8	6	1215	11
VCF: FSAR	147	3053	462	342	79	18	490	6	1852	962	15	380	317	0	0	1210	13
VCF: FSRF	605	0	595	1138	2150	2026	1543	1688	1763	606	1951	366	1336	0	0	8	1648
VCF: FSRR	1286	1	469	1163	2842	2060	1593	1246	1824	970	2465	402	966	0	0	4	916
VCF: Fisher Odds Ratio	1.13362991704575	1.15062213490504	0.785184165132561	2.54742408690555	0.743462343096234	0.695687170565783	1.04079387524666	1.58208576503425	0.965347912865452	1.03820775617108	0.789574795081967	1.0750355796806	0.286575125950805	9	7	0.557849343976511	0.476652516676773
VCF: Fisher P Value	0.450734265887175	1	0.007813849084171	5.69E-06	0.117022600826245	0.360515918943509	0.608954634817431	0.364432815594509	0.463824753663541	0.609767143846347	0.544281912283875	0.504685954518346	3.42E-06	1	1	0.386541733084298	0.0849188571816405
VCF: Binom Proportion	0.348017621145374	0.365204739139472	0.498917748917748	0.713689482470784	0.36	0.40625	0.502028397565922	0.681818181818181	0.482691233947515	0.393576826196473	0.384615384615384	0.494694960212201	0.283783783783783	0.9	0.875	0.501030078285949	0.461538461538461
VCF: Binom P Value	5.45E-06	7.49E-79	0.973758625939935	7.07E-51	0.0022264883473202	0.377085587475448	0.923892710481919	0.133800506591796	0.0398501841057987	2.09E-17	0.326939582824707	0.798801443258598	3.18E-20	0.021484375	0.0703125	0.935289701508744	0.845018982887268
Mpileup Qual: Read Depth	2078	4151	1935			4085	4099	2887	6803	3103	4266	1466	2286			2347	2571
Mpileup Qual: Start Reads	3	0	1			0	0	3	0	0	1	0	10			0	1
Mpileup Qual: Stop Reads	0	2	0			0	0	2	1	0	1	0	4			0	1
Mpileup Qual: Filtered Reference Forward Read Depth	605	1	1			1	1	1	1	1	1	363	1			1	1
Mpileup Qual: Filtered Reference Reverse Read Depth	1251	1	1			1	1	1	1	1	1	0	1			1	1
Mpileup Qual: Unfiltered Reference Forward Read Depth	605	1	1			1	1	1	1	1	1	363	1			1	1
Mpileup Qual: Unfiltered Reference Reverse Read Depth	1251	1	1			1	1	1	1	1	1	353	1			1	1
Mpileup Qual: Filtered Variant Forward Read Depth	77	0	440			12	489	26	1685	621	0	370	0			1180	0
Mpileup Qual: Filtered Variant Reverse Read Depth	145	814	449			18	488	0	1801	961	28	380	0			1164	0
Mpileup Qual: Filtered Variant Binomial Proportion	0.3482	0.0012	0.4949			0.4062	0.5005	0.9643	0.4834	0.3927	0.0333	0.4934	0.5			0.5034	0.5
Mpileup Qual: Filtered Variant Binomial P Value	0	0	0.7887			0.3771	1	0	0.0515	0	0	0.7428	1			0.7568	1
Mpileup Qual: Filtered Variant Fishers Odds Ratio	1.1038	0.0012	0.98			0.6842	1.002	27	0.9356	0.6466	0.0345	0.0027	1			1.0137	1
Mpileup Qual: Filtered Variant Fishers P Value	0.5455	0.0025	1			1	1	0.0714	1	1	0.0667	0	1			1	1
Mpileup Qual: Unfiltered Variant Forward Read Depth	77	446	440			12	489	26	1685	621	120	370	2			1180	67
Mpileup Qual: Unfiltered Variant Reverse Read Depth	145	814	449			18	488	6	1801	961	28	380	207			1164	47
Mpileup Qual: Unfiltered Variant Binomial Proportion	0.3482	0.3542	0.4949			0.4062	0.5005	0.7941	0.4834	0.3927	0.8067	0.4934	0.0142			0.5034	0.5862
Mpileup Qual: Unfiltered Variant Binomial P Value	0	0	0.7887			0.3771	1	0.0008	0.0515	0	0	0.7428	0			0.7568	0.0773
Mpileup Qual: Unfiltered Variant Fishers Odds Ratio	1.1038	0.5485	0.98			0.6842	1.002	3.8571	0.9356	0.6466	4.1724	0.947	0.0144			1.0137	1.4167
Mpileup Qual: Unfiltered Variant Fishers P Value	0.5455	1	1			1	1	0.3743	1	1	0.3503	0.6382	0.0283			1	1
VCF: LEN	1	1	1	10	3	1	1	1	1	1	1	1	1	22	1	1	1
VCF: QD	2.81039	47.0722	25.2668	13.8208	1.09634	0.0427233	8.0872	0.0973735	22.0571	22.1865	0.10515	24.1795	2.98616	44.7625	44.7625	67.0046	0.0827242
VCF: STB	0.526799	0.500082	0.532298	0.653569	0.5742	0.595262	0.507615	0.63173	0.504416	0.504669	0.568387	0.509157	0.742777	0.5	0.5	0.500816	0.678372
VCF: STBP	0.408	0.525	0.009	0	0.107	0.359	0.568	0.266	0.466	0.612	0.517	0.486	0	1	1	0.288	0.114
VCF: SVTYPE																	
VCF: TYPE	snp	del	snp	complex	del	snp	snp	ins	snp	snp	ins	snp	snp	complex	snp	snp	del
VCF: QUAL	1488.1	56604.3	12576.5	12082.8	1401.94	43.9944	8329.82	71.9104	39520.9	17538.5	116.716	9188.21	2048.51	4409.11	4409.11	40822.6	53.5226
Variant Annotation: Coding	Y		Y	Y	Y	Y	Y		Y		Y	Y					
Variant Annotation: Sequence Ontology	MIS	INT	MIS	FSI	IND	MIS	MIS	INT	MIS	INT	FSI	SYN	SPL	INT	INT	INT	INT
Variant Annotation: Transcript	ENST00000369535.5	ENST00000335508.10	ENST00000345146.6	ENST00000296930.9	ENST00000264033.6	ENST00000351677.6	ENST00000351677.6	ENST00000267163.5	ENST00000267163.5	ENST00000304992.11	ENST00000358273.9	ENST00000359995.9	ENST00000300305.7	ENST00000371145.7	ENST00000371145.7	ENST00000371145.7	ENST00000370803.7
Variant Annotation: All Mappings	{"CSDE1": [["O75534", "", "2KD", "ENST00000261443.9", "c.*2043G>A"], ["O75534", "", "2KD", "ENST00000339438.10", "c.*2043G>A"], ["O75534", "", "2KD", "ENST00000358528.9", "c.*2043G>A"], ["O75534", "", "2KD", "ENST00000369530.5", "c.*2043G>A"], ["O75534", "", "2KD", "ENST00000438362.6", "c.*2043G>A"], ["", "", "2KD,PTR", "ENST00000483407.1", ""], ["", "", "2KD", "ENST00000530886.5", "c.*2043G>A"], ["O75534", "", "2KD", "ENST00000534699.5", "c.*2043G>A"], ["O75534", "", "2KD", "ENST00000610726.4", "c.*2043G>A"]], "NRAS": [["P01111", "p.Gly12Asp", "MIS", "ENST00000369535.5", "c.35G>A"]]}	{"SF3B1": [["O75533", "", "INT", "ENST00000335508.10", "c.2719-13del"], ["", "", "2KD,PTR", "ENST00000462613.1", ""], ["", "", "NMD,UT3", "ENST00000652026.1", "c.*3786-13del"], ["", "", "NMD,UT3", "ENST00000652738.1", "c.*2978-13del"]]}	{"IDH1": [["O75874", "p.Arg132His", "MIS", "ENST00000345146.6", "c.395G>A"], ["O75874", "p.Arg132His", "MIS", "ENST00000415913.5", "c.395G>A"], ["O75874", "p.Arg132His", "MIS", "ENST00000446179.5", "c.395G>A"]]}	{"NPM1": [["P06748", "p.Trp290LeufsTer10", "CSS,FSI", "ENST00000296930.9", "c.868_873delinsCTTATGGCCC"], ["P06748", "p.Trp261LeufsTer10", "CSS,FSI", "ENST00000351986.10", "c.781_786delinsCTTATGGCCC"], ["P06748", "p.Trp290LeufsTer10", "CSS,FSI", "ENST00000517671.5", "c.868_873delinsCTTATGGCCC"]]}	{"CBL": [["P22681", "p.Asp460del", "IND", "ENST00000264033.6", "c.1380_1382del"], ["", "p.Asp460del", "IND", "ENST00000634586.1", "c.1380_1382del"], ["", "p.Asp460del", "IND", "ENST00000634840.1", "c.1380_1382del"]]}	{"PTPN11": [["Q06124", "p.Gly503Ala", "MIS", "ENST00000351677.6", "c.1508G>C"], ["Q06124", "p.Gly507Ala", "MIS", "ENST00000635625.1", "c.1520G>C"]]}	{"PTPN11": [["Q06124", "p.Thr507Lys", "MIS", "ENST00000351677.6", "c.1520C>A"], ["Q06124", "p.Thr511Lys", "MIS", "ENST00000635625.1", "c.1532C>A"]]}	{"RB1": [["P06400", "", "INT", "ENST00000267163.5", "c.138-157_138-156insT"], ["", "", "INT,NMD", "ENST00000467505.5", "c.137+3074_137+3075insT"], ["", "", "INT", "ENST00000646097.1", "c.138-157_138-156insT"], ["", "", "INT", "ENST00000650461.1", "c.138-157_138-156insT"]]}	{"AL392048.1": [["", "", "2KU,LNC", "ENST00000613946.1", ""]], "RB1": [["P06400", "p.Ile101Val", "MIS", "ENST00000267163.5", "c.301A>G"], ["", "", "INT,NMD", "ENST00000467505.5", "c.138-17382A>G"], ["", "p.Ile101Val", "MIS", "ENST00000650461.1", "c.301A>G"]]}	{"PRPF8": [["Q6P2Q9", "", "INT", "ENST00000304992.11", "c.3061-11T>G"], ["Q6P2Q9", "", "INT", "ENST00000572621.5", "c.3061-11T>G"]]}	{"NF1": [["P21359", "p.Ala1462CysfsTer3", "FSI", "ENST00000356175.7", "c.4383_4384insT"], ["P21359", "p.Ala1483CysfsTer3", "FSI", "ENST00000358273.9", "c.4446_4447insT"]]}	{"MFSD11": [["O43934", "", "2KU", "ENST00000336509.8", "c.-875G>A"], ["O43934", "", "2KU", "ENST00000355954.7", "c.-1157G>A"], ["O43934", "", "UT5", "ENST00000586622.5", "c.-83G>A"], ["", "", "2KU,NMD", "ENST00000588031.5", "c.-1157G>A"], ["O43934", "", "UT5", "ENST00000588460.5", "c.-1273G>A"], ["", "", "2KU,NMD", "ENST00000588670.5", "c.-1273G>A"], ["", "", "2KU", "ENST00000590393.1", "c.-1273G>A"], ["O43934", "", "2KU", "ENST00000590514.5", "c.-1157G>A"], ["", "", "UT5", "ENST00000591864.1", "c.-83G>A"], ["O43934", "", "2KU", "ENST00000593181.5", "c.-968G>A"], ["O43934", "", "UT5", "ENST00000621483.4", "c.-83G>A"]], "MIR636": [["", "", "2KU,MIR", "ENST00000384825.1", ""]], "SRSF2": [["Q01130", "p.Pro27=", "SYN", "ENST00000359995.9", "c.81C>T"], ["Q01130", "p.Pro27=", "SYN", "ENST00000392485.2", "c.81C>T"], ["Q01130", "p.Pro27=", "NMD,SYN", "ENST00000452355.7", "c.81C>T"], ["Q01130", "p.Pro27=", "SYN", "ENST00000508921.7", "c.81C>T"], ["Q01130", "p.Pro27=", "NMD,SYN", "ENST00000585202.5", "c.81C>T"]]}	{"AP000331.1": [["", "", "2KU,LNC", "ENST00000651798.1", ""]], "RUNX1": [["Q01196", "", "INT,SPL", "ENST00000300305.7", "c.614-2A>C"], ["Q01196", "", "INT,SPL", "ENST00000344691.8", "c.533-2A>C"], ["Q01196", "", "INT,SPL", "ENST00000358356.9", "c.533-2A>C"], ["", "", "INT", "ENST00000399240.5", "c.532+24871A>C"], ["Q01196", "", "INT,SPL", "ENST00000437180.5", "c.614-2A>C"], ["", "", "INT,NMD,SPL", "ENST00000482318.5", "c.*204-2A>C"]]}	{"STAG2": [["Q8N3U4", "", "INT", "ENST00000218089.13", "c.1535-9_1535-6delinsA"], ["Q8N3U4", "", "INT", "ENST00000371144.7", "c.1535-9_1535-6delinsA"], ["Q8N3U4", "", "INT", "ENST00000371145.7", "c.1535-9_1535-6delinsA"], ["Q8N3U4", "", "INT", "ENST00000371157.7", "c.1535-9_1535-6delinsA"], ["Q8N3U4", "", "INT", "ENST00000371160.5", "c.1535-9_1535-6delinsA"], ["", "", "INT,PTR", "ENST00000466748.5", ""], ["", "", "INT,PTR", "ENST00000469481.1", ""], ["", "", "INT,PTR", "ENST00000471107.1", ""], ["", "", "INT,PTR", "ENST00000483575.5", ""]]}	{"STAG2": [["Q8N3U4", "", "INT", "ENST00000218089.13", "c.1535-7T>A"], ["Q8N3U4", "", "INT", "ENST00000371144.7", "c.1535-7T>A"], ["Q8N3U4", "", "INT", "ENST00000371145.7", "c.1535-7T>A"], ["Q8N3U4", "", "INT", "ENST00000371157.7", "c.1535-7T>A"], ["Q8N3U4", "", "INT", "ENST00000371160.5", "c.1535-7T>A"], ["", "", "INT,PTR", "ENST00000466748.5", ""], ["", "", "INT,PTR", "ENST00000469481.1", ""], ["", "", "INT,PTR", "ENST00000471107.1", ""], ["", "", "INT,PTR", "ENST00000483575.5", ""]]}	{"STAG2": [["Q8N3U4", "", "INT", "ENST00000218089.13", "c.2266-58A>C"], ["Q8N3U4", "", "INT", "ENST00000371144.7", "c.2266-58A>C"], ["Q8N3U4", "", "INT", "ENST00000371145.7", "c.2266-58A>C"], ["Q8N3U4", "", "INT", "ENST00000371157.7", "c.2266-58A>C"], ["Q8N3U4", "", "INT", "ENST00000371160.5", "c.2266-58A>C"], ["", "", "INT,PTR", "ENST00000469481.1", ""]]}	{"PHF6": [["Q8IWS0", "", "INT", "ENST00000332070.7", "c.419-17del"], ["", "", "INT", "ENST00000370799.5", "c.419-14del"], ["Q8IWS0", "", "INT", "ENST00000370800.4", "c.419-14del"], ["Q8IWS0", "", "INT", "ENST00000370803.7", "c.419-17del"], ["", "", "INT", "ENST00000625464.2", "c.419-14del"]]}
UniProt (GENE): Accession Number	P82914																
dbSNP: rsID	rs121913237	rs111354698	rs121913500		rs397507494	rs397507546	rs886039463		rs1555282783	rs11652160		rs140957080				rs182757912	
MDL: Sample Count	5	9	3	3	42	1	3	0	3	4	0	3	7	7	2	3	2
MDL: Variant Frequency	0.081967213114754	0.147540983606557	0.0491803278688524	0.0491803278688524	0.688524590163934	0.0163934426229508	0.0491803278688524	0	0.0491803278688524	0.0655737704918032	0	0.0491803278688524	0.114754098360655	0.114754098360655	0.0327868852459016	0.0491803278688524	0.0327868852459016
MDL: Sample List	1990-21_LOD_1-10; 1990-21_LOD_1-4; 1990-21_LOD_1-8; 6377-21; 7179-21	1990-21_LOD_1-4; 1990-21_LOD_1-8; 3899-22_LOD_1-8; 5710-21_LOD_1-10; 5710-21_LOD_1-8; 5714-21_L4114728; 7024-21_L608B767; 7179-21; 7424-21_L6296176	1990-21_LOD_1-10; 1990-21_LOD_1-4; 1990-21_LOD_1-8	1990-21_LOD_1-10; 1990-21_LOD_1-4; 1990-21_LOD_1-8	1002-23_N0137691; 1025-23_N0142753; 1064-23_N0140170; 109-21_K5077987; 126-22; 1507-20_J6242652; 1524-23_N107A567; 1622-21; 1776-21_K731B924; 1990-21_LOD_1-10; 1990-21_LOD_1-4; 1990-21_LOD_1-8; 3042-22_M1199333; 312-23_M9135549; 3731-22_M2219248; 3899-22_LOD_1-8; 39-23_M9037298; 419-23_M9191198; 4514-22_M3277862; 50-22; 520-23_M9210972; 521-23_M9244872; 5331-21_L3219563; 5331-21_LOD_1-10; 5331-21_LOD_1-4	1002-23_N0137691	1990-21_LOD_1-10; 1990-21_LOD_1-4; 1990-21_LOD_1-8		1990-21_LOD_1-10; 1990-21_LOD_1-4; 1990-21_LOD_1-8	1002-23_N0137691; 1990-21_LOD_1-10; 1990-21_LOD_1-4; 1990-21_LOD_1-8		1990-21_LOD_1-10; 1990-21_LOD_1-4; 1990-21_LOD_1-8	126-22; 1622-21; 50-22; 6377-21; 7024-21_L608B767; 7179-21; 7424-21_L6296176	1990-21_LOD_1-8; 3899-22_LOD_1-8; 5331-21_L3219563; 5331-21_LOD_1-4; 5710-21_LOD_1-4; 6102-21_LOD_1-10; 6377-21	3899-22_LOD_1-8; 6815-21_L5309745	1990-21_LOD_1-10; 1990-21_LOD_1-4; 1990-21_LOD_1-8	5714-21_L4114728; 6815-21_L5309745
